recordingId,frame,p1x,p1y,p2x,p2y,p3x,p3y,p4x,p4y
500,1005_0000,1513,1242,2048,412,2545,1232,1981,1610
500,1005_0003,1513,1242,2047,415,2543,1232,1981,1609
500,1005_0006,1514,1246,2047,416,2542,1232,1981,1608
500,1005_0009,1514,1245,2047,415,2542,1232,1981,1610
500,1005_0012,1514,1245,2046,417,2540,1231,1979,1606
500,1005_0015,1513,1244,2046,416,2539,1232,1976,1611
500,1005_0018,1515,1244,2050,416,2542,1233,1980,1609
500,1005_0021,1514,1242,2048,415,2542,1233,1979,1609
500,1005_0024,1514,1242,2049,416,2541,1234,1980,1609
500,1005_0027,1516,1244,2047,416,2542,1233,1979,1608
500,1005_0030,1517,1244,2050,417,2542,1233,1980,1608
500,1005_0033,1516,1244,2050,417,2542,1233,1981,1609
500,1005_0036,1517,1246,2050,419,2542,1234,1980,1609
500,1005_0039,1517,1247,2051,419,2540,1234,1980,1608
500,1005_0042,1517,1245,2051,418,2542,1234,1980,1612
500,1005_0045,1517,1245,2051,419,2541,1235,1978,1613
500,1005_0048,1519,1246,2053,419,2542,1235,1979,1610
500,1005_0051,1519,1245,2053,419,2543,1237,1980,1612
500,1005_0054,1515,1246,2052,418,2542,1236,1979,1611
500,1005_0057,1515,1244,2050,419,2541,1237,1979,1613
500,1005_0060,1513,1243,2049,420,2540,1237,1979,1611
500,1005_0063,1514,1244,2050,420,2539,1237,1976,1612
500,1005_0066,1511,1245,2047,420,2537,1236,1974,1613
500,1005_0069,1511,1247,2048,418,2538,1238,1974,1613
500,1005_0072,1511,1245,2048,420,2538,1237,1977,1612
500,1005_0075,1511,1245,2049,422,2538,1240,1974,1613
500,1005_0078,1510,1246,2049,420,2538,1239,1974,1613
500,1005_0081,1509,1243,2049,419,2538,1240,1975,1616
500,1005_0084,1509,1244,2048,420,2539,1239,1975,1616
500,1005_0087,1509,1245,2048,420,2538,1241,1973,1616
500,1005_0090,1508,1245,2050,421,2537,1240,1972,1616
500,1005_0093,1508,1245,2048,420,2536,1241,1971,1616
500,1005_0096,1506,1245,2046,420,2535,1242,1970,1616
500,1005_0099,1503,1246,2046,422,2533,1242,1969,1617
500,1005_0102,1504,1251,2043,421,2531,1240,1967,1617
500,1005_0105,1501,1245,2043,420,2530,1243,1966,1618
500,1005_0108,1500,1249,2041,420,2529,1240,1966,1619
500,1005_0111,1500,1249,2040,423,2527,1242,1964,1618
500,1005_0114,1501,1246,2041,423,2528,1244,1962,1618
500,1005_0117,1499,1249,2041,422,2528,1245,1962,1617
500,1005_0120,1498,1249,2041,423,2527,1245,1961,1618
500,1005_0123,1497,1247,2041,422,2527,1244,1961,1619
500,1005_0126,1498,1249,2039,422,2527,1245,1962,1622
500,1005_0129,1499,1248,2039,424,2527,1244,1962,1620
500,1005_0132,1499,1248,2040,423,2528,1247,1960,1619
500,1005_0135,1500,1247,2042,425,2528,1246,1961,1619
500,1005_0138,1499,1250,2042,424,2528,1245,1962,1620
500,1005_0141,1499,1249,2041,424,2528,1246,1961,1620
500,1005_0144,1500,1248,2042,425,2527,1245,1961,1619
500,1005_0147,1501,1248,2043,424,2529,1247,1961,1618
500,1005_0150,1501,1248,2044,423,2528,1246,1963,1620
500,1005_0153,1502,1249,2043,425,2530,1245,1963,1619
500,1005_0156,1502,1250,2046,423,2530,1246,1965,1618
500,1005_0159,1502,1249,2045,423,2532,1246,1967,1620
500,1005_0162,1502,1249,2045,424,2531,1247,1966,1620
500,1005_0165,1504,1250,2047,424,2533,1248,1967,1620
500,1005_0168,1504,1248,2047,424,2534,1247,1967,1621
500,1005_0171,1504,1249,2047,424,2533,1248,1968,1621
500,1005_0174,1504,1248,2048,424,2535,1248,1969,1622
500,1005_0177,1506,1249,2048,424,2535,1248,1968,1621
500,1005_0180,1503,1250,2048,423,2535,1249,1968,1621
500,1005_0183,1504,1249,2050,425,2536,1248,1970,1622
500,1005_0186,1506,1251,2049,424,2535,1248,1969,1621
500,1005_0189,1505,1251,2050,425,2537,1249,1970,1621
500,1005_0192,1507,1252,2050,426,2536,1251,1969,1622
500,1005_0195,1506,1251,2050,425,2536,1249,1970,1623
500,1005_0198,1508,1252,2052,425,2537,1250,1970,1624
500,1005_0201,1508,1251,2052,424,2538,1250,1970,1624
500,1005_0204,1507,1251,2053,425,2537,1250,1971,1624
500,1005_0207,1507,1252,2052,426,2536,1249,1970,1625
500,1005_0210,1507,1251,2052,425,2538,1251,1970,1626
500,1005_0213,1507,1252,2053,425,2538,1249,1970,1623
500,1005_0216,1507,1251,2054,425,2538,1249,1971,1625
500,1005_0219,1509,1252,2053,425,2537,1251,1972,1623
500,1005_0222,1508,1253,2053,425,2538,1250,1972,1624
500,1005_0225,1508,1252,2054,425,2539,1250,1973,1624
500,1005_0228,1508,1251,2053,424,2539,1252,1972,1623
500,1005_0231,1508,1252,2054,424,2539,1248,1970,1624
500,1005_0234,1508,1251,2055,424,2541,1249,1972,1625
500,1005_0237,1508,1249,2055,424,2539,1248,1972,1622
500,1005_0240,1509,1251,2056,423,2541,1249,1972,1623
500,1005_0243,1510,1252,2051,419,2540,1249,1971,1624
500,1005_0246,1508,1249,2055,421,2540,1248,1974,1622
500,1005_0249,1509,1252,2052,420,2540,1249,1974,1621
500,1005_0252,1509,1250,2056,419,2541,1248,1973,1622
500,1005_0255,1510,1250,2054,419,2541,1249,1972,1621
500,1005_0258,1510,1250,2056,424,2541,1248,1975,1622
500,1005_0261,1509,1251,2056,424,2540,1249,1973,1622
500,1005_0264,1508,1250,2055,423,2538,1249,1973,1622
500,1005_0267,1508,1252,2055,423,2539,1249,1972,1622
500,1005_0270,1507,1248,2054,423,2538,1248,1970,1623
500,1005_0273,1505,1249,2054,424,2538,1249,1971,1622
500,1005_0276,1507,1251,2052,424,2537,1250,1970,1623
500,1005_0279,1505,1250,2053,425,2536,1251,1970,1623
500,1005_0282,1503,1251,2051,426,2536,1250,1969,1624
500,1005_0285,1504,1251,2051,426,2535,1251,1967,1624
500,1005_0288,1505,1250,2051,425,2536,1249,1967,1624
500,1005_0291,1503,1249,2050,424,2535,1249,1968,1624
500,1005_0294,1503,1250,2051,424,2536,1251,1967,1624
500,1005_0297,1503,1251,2050,424,2536,1250,1966,1623
500,1005_0300,1505,1253,2050,424,2535,1250,1966,1624
500,1005_0303,1504,1249,2051,425,2534,1250,1966,1622
500,1005_0306,1504,1249,2052,426,2535,1251,1968,1623
500,1005_0309,1504,1250,2052,425,2534,1251,1966,1623
500,1005_0312,1504,1250,2051,427,2534,1251,1967,1622
500,1005_0315,1504,1250,2052,425,2534,1251,1966,1622
500,1005_0318,1503,1250,2051,425,2535,1251,1967,1621
500,1005_0321,1504,1250,2051,426,2534,1252,1967,1621
500,1005_0324,1504,1249,2051,426,2535,1250,1967,1623
500,1005_0327,1504,1249,2052,425,2535,1251,1969,1622
500,1005_0330,1504,1250,2052,426,2535,1250,1968,1622
500,1005_0333,1505,1249,2052,425,2535,1251,1967,1622
500,1005_0336,1505,1249,2051,426,2535,1251,1969,1622
500,1005_0339,1505,1249,2052,425,2534,1250,1966,1623
500,1005_0342,1503,1248,2052,425,2535,1251,1966,1623
500,1005_0345,1504,1250,2050,426,2534,1250,1967,1622
500,1005_0348,1503,1249,2050,427,2533,1250,1965,1620
500,1005_0351,1503,1247,2049,424,2534,1249,1965,1621
500,1005_0354,1504,1249,2051,425,2534,1250,1965,1622
500,1005_0357,1503,1248,2050,425,2533,1250,1966,1621
500,1005_0360,1503,1248,2049,424,2534,1251,1967,1621
500,1005_0363,1504,1247,2050,425,2534,1251,1966,1621
500,1005_0366,1502,1248,2049,425,2532,1251,1966,1621
500,1005_0369,1503,1248,2049,426,2532,1249,1965,1621
500,1005_0372,1503,1247,2049,425,2532,1250,1966,1622
500,1005_0375,1503,1247,2050,424,2530,1248,1961,1622
500,1005_0378,1503,1248,2051,425,2533,1249,1964,1621
500,1005_0381,1503,1248,2050,424,2532,1250,1965,1622
500,1005_0384,1503,1248,2051,425,2534,1251,1965,1622
500,1005_0387,1503,1247,2052,424,2535,1249,1966,1620
500,1005_0390,1503,1248,2051,424,2535,1250,1966,1621
500,1005_0393,1505,1248,2051,426,2534,1251,1967,1622
500,1005_0396,1504,1248,2052,425,2537,1249,1968,1621
500,1005_0399,1503,1246,2054,424,2537,1252,1968,1620
500,1005_0402,1504,1248,2053,425,2536,1249,1969,1621
500,1005_0405,1504,1249,2051,424,2534,1245,1966,1622
500,1005_0408,1503,1250,2053,425,2534,1246,1966,1622
500,1005_0411,1504,1248,2051,426,2535,1246,1965,1623
500,1005_0414,1503,1247,2052,426,2533,1251,1964,1624
500,1005_0417,1502,1249,2050,426,2533,1251,1965,1623
500,1005_0420,1503,1250,2050,426,2532,1250,1965,1623
500,1005_0423,1502,1247,2049,426,2532,1252,1966,1622
500,1005_0426,1503,1251,2048,426,2532,1249,1963,1622
500,1005_0429,1503,1250,2050,426,2532,1250,1967,1622
500,1005_0432,1504,1249,2051,425,2534,1250,1965,1620
500,1005_0435,1503,1250,2051,427,2534,1250,1967,1621
500,1005_0438,1505,1249,2052,425,2534,1252,1965,1622
500,1005_0441,1503,1249,2053,425,2535,1250,1966,1622
500,1005_0444,1503,1249,2052,425,2535,1251,1966,1623
500,1005_0447,1504,1250,2053,426,2535,1252,1967,1623
500,1005_0450,1504,1251,2051,428,2535,1252,1968,1623
500,1005_0453,1506,1250,2054,427,2535,1253,1968,1624
500,1005_0456,1506,1251,2054,427,2536,1252,1967,1624
500,1005_0459,1505,1250,2055,427,2536,1254,1968,1624
500,1005_0462,1506,1250,2054,427,2536,1253,1968,1624
500,1005_0465,1506,1250,2054,428,2536,1253,1968,1624
500,1005_0468,1508,1250,2053,429,2536,1251,1971,1625
500,1005_0471,1508,1249,2054,427,2537,1253,1971,1623
500,1005_0474,1507,1251,2054,428,2536,1253,1969,1625
500,1005_0477,1508,1250,2054,428,2537,1254,1969,1626
500,1005_0480,1509,1251,2053,428,2538,1254,1973,1624
500,1005_0483,1508,1251,2053,428,2537,1254,1970,1625
500,1005_0486,1509,1252,2054,429,2538,1253,1971,1626
500,1005_0489,1508,1251,2053,429,2537,1254,1969,1625
500,1005_0492,1508,1251,2054,428,2536,1254,1969,1624
500,1005_0495,1507,1252,2054,429,2535,1254,1969,1625
500,1005_0498,1508,1251,2053,429,2537,1255,1968,1625
500,1005_0500,1505,1251,2052,428,2536,1253,1968,1624
500,1005_0503,1505,1250,2053,428,2535,1255,1966,1625
500,1005_0506,1503,1251,2051,428,2534,1254,1965,1625
500,1005_0509,1503,1252,2051,429,2534,1253,1967,1625
500,1005_0512,1502,1252,2050,427,2533,1254,1966,1625
500,1005_0515,1501,1251,2049,428,2531,1252,1964,1624
500,1005_0518,1502,1250,2049,428,2532,1253,1963,1625
500,1005_0521,1502,1251,2047,427,2532,1253,1963,1624
500,1005_0524,1502,1250,2047,428,2532,1253,1965,1625
500,1005_0527,1502,1249,2049,425,2533,1254,1966,1624
500,1005_0530,1503,1250,2050,425,2532,1253,1965,1625
500,1005_0533,1502,1249,2047,427,2532,1250,1963,1623
500,1005_0536,1501,1248,2049,427,2531,1251,1965,1623
500,1005_0539,1503,1250,2049,426,2532,1252,1964,1622
500,1005_0542,1502,1248,2050,425,2532,1251,1963,1622
500,1005_0545,1501,1250,2049,427,2530,1250,1963,1624
500,1005_0548,1502,1250,2052,426,2531,1250,1963,1623
500,1005_0551,1502,1250,2051,424,2532,1250,1963,1622
500,1005_0554,1503,1248,2051,426,2532,1251,1963,1621
500,1005_0557,1502,1248,2050,426,2532,1251,1966,1622
500,1005_0560,1503,1248,2050,424,2533,1251,1963,1623
500,1005_0563,1503,1249,2051,426,2532,1252,1964,1622
500,1005_0566,1502,1248,2049,427,2532,1252,1965,1624
500,1005_0569,1502,1250,2049,428,2533,1253,1964,1622
500,1005_0572,1503,1249,2050,428,2532,1252,1963,1623
500,1005_0575,1503,1249,2052,429,2532,1251,1966,1622
500,1005_0578,1502,1249,2051,427,2532,1252,1965,1624
500,1005_0581,1503,1249,2049,427,2532,1252,1963,1622
500,1005_0584,1504,1248,2049,426,2532,1250,1962,1622
500,1005_0587,1504,1248,2050,427,2530,1251,1963,1622
500,1005_0590,1502,1248,2049,427,2532,1251,1963,1621
500,1005_0593,1503,1251,2050,427,2530,1251,1962,1621
500,1005_0596,1503,1249,2051,428,2531,1252,1965,1622
500,1005_0599,1504,1250,2049,428,2532,1253,1963,1622
500,1005_0602,1503,1249,2050,429,2530,1251,1964,1623
500,1005_0605,1501,1249,2050,427,2530,1252,1962,1623
500,1005_0608,1502,1249,2047,427,2530,1251,1961,1625
500,1005_0611,1500,1251,2047,426,2529,1251,1961,1623
500,1005_0614,1499,1250,2046,428,2528,1253,1959,1623
500,1005_0617,1499,1250,2048,429,2527,1254,1959,1623
500,1005_0620,1498,1250,2045,429,2526,1254,1959,1624
500,1005_0623,1498,1250,2045,428,2527,1254,1958,1624
500,1005_0626,1498,1249,2044,428,2526,1254,1958,1624
500,1005_0629,1497,1250,2046,430,2525,1255,1957,1624
500,1005_0632,1496,1251,2044,429,2523,1252,1957,1624
500,1005_0635,1495,1250,2042,430,2524,1253,1954,1624
500,1005_0638,1495,1251,2041,428,2522,1254,1954,1624
500,1005_0641,1493,1249,2042,429,2523,1253,1956,1623
500,1005_0644,1492,1250,2039,429,2520,1254,1953,1623
500,1005_0647,1492,1250,2038,429,2521,1253,1954,1622
500,1005_0650,1493,1250,2040,429,2519,1253,1952,1623
500,1005_0653,1494,1249,2040,429,2520,1252,1953,1624
500,1005_0656,1493,1251,2039,429,2521,1254,1955,1624
500,1005_0659,1492,1252,2040,429,2520,1253,1953,1623
500,1005_0662,1492,1251,2039,429,2519,1252,1954,1624
500,1005_0665,1492,1251,2041,428,2520,1255,1955,1624
500,1005_0668,1493,1250,2039,431,2520,1254,1956,1624
500,1005_0671,1494,1250,2039,429,2522,1253,1954,1623
500,1005_0674,1494,1250,2040,429,2522,1253,1954,1624
500,1005_0677,1494,1251,2040,430,2522,1254,1955,1625
500,1005_0680,1494,1249,2040,430,2522,1255,1955,1624
500,1005_0683,1494,1251,2042,430,2520,1255,1956,1624
500,1005_0686,1494,1250,2041,430,2522,1253,1954,1624
500,1005_0689,1493,1251,2041,430,2521,1254,1954,1625
500,1005_0692,1494,1252,2040,431,2520,1254,1953,1624
500,1005_0695,1494,1251,2040,429,2519,1255,1953,1623
500,1005_0698,1494,1251,2040,430,2520,1254,1953,1625
500,1005_0701,1493,1252,2040,431,2520,1255,1953,1625
500,1005_0704,1492,1251,2040,431,2521,1255,1952,1623
500,1005_0707,1492,1250,2039,430,2520,1255,1952,1625
500,1005_0710,1491,1250,2038,430,2519,1255,1952,1623
500,1005_0713,1492,1251,2038,430,2519,1254,1952,1624
500,1005_0716,1491,1251,2039,431,2519,1253,1952,1625
500,1005_0719,1492,1250,2038,431,2519,1253,1952,1625
500,1005_0722,1492,1251,2039,430,2518,1254,1953,1623
500,1005_0725,1492,1250,2038,430,2519,1254,1952,1624
500,1005_0728,1492,1250,2038,429,2519,1254,1952,1624
500,1005_0731,1492,1252,2039,431,2519,1254,1951,1624
500,1005_0734,1492,1251,2040,429,2520,1255,1950,1624
500,1005_0737,1492,1250,2041,431,2519,1255,1952,1625
500,1005_0740,1493,1251,2039,429,2519,1254,1953,1625
500,1005_0743,1493,1251,2040,431,2520,1253,1952,1623
500,1005_0746,1494,1249,2040,429,2519,1254,1954,1625
500,1005_0749,1495,1250,2042,430,2521,1255,1953,1624
500,1005_0752,1493,1251,2040,431,2521,1254,1953,1625
500,1005_0755,1493,1250,2041,429,2521,1254,1955,1624
500,1005_0758,1494,1251,2043,431,2522,1252,1955,1625
500,1005_0761,1495,1250,2041,430,2523,1255,1955,1623
500,1005_0764,1496,1251,2043,429,2522,1253,1956,1622
500,1005_0767,1495,1250,2044,430,2523,1254,1956,1624
500,1005_0770,1495,1251,2045,431,2524,1255,1955,1625
500,1005_0773,1494,1251,2044,430,2524,1254,1956,1624
500,1005_0776,1496,1251,2046,430,2524,1255,1956,1624
500,1005_0779,1496,1250,2045,430,2524,1255,1954,1624
500,1005_0782,1495,1249,2045,430,2526,1255,1956,1624
500,1005_0785,1496,1249,2045,429,2525,1255,1956,1626
500,1005_0788,1496,1250,2046,430,2526,1255,1956,1625
500,1005_0791,1496,1252,2045,429,2525,1255,1956,1624
500,1005_0794,1496,1252,2046,431,2526,1255,1956,1626
500,1005_0797,1497,1251,2047,430,2525,1256,1956,1626
500,1005_0800,1498,1251,2045,430,2526,1255,1955,1625
500,1005_0803,1498,1250,2045,430,2526,1256,1957,1625
500,1005_0806,1497,1250,2045,430,2525,1257,1958,1626
500,1005_0809,1498,1251,2045,431,2527,1255,1959,1625
500,1005_0812,1500,1251,2046,432,2526,1257,1958,1626
500,1005_0815,1496,1251,2046,431,2527,1257,1960,1628
500,1005_0818,1498,1250,2046,431,2528,1258,1959,1626
500,1005_0821,1499,1249,2048,431,2528,1258,1959,1627
500,1005_0824,1499,1253,2048,431,2528,1257,1959,1628
500,1005_0827,1497,1251,2048,431,2528,1257,1958,1628
500,1005_0830,1497,1251,2046,431,2528,1259,1959,1627
500,1005_0833,1498,1253,2046,432,2527,1257,1956,1628
500,1005_0836,1497,1252,2045,432,2528,1258,1958,1626
500,1005_0839,1497,1254,2046,431,2528,1258,1959,1628
500,1005_0842,1499,1254,2048,431,2528,1259,1960,1628
500,1005_0845,1500,1254,2049,433,2528,1260,1960,1629
500,1005_0848,1499,1253,2049,432,2528,1260,1959,1631
500,1005_0851,1500,1254,2049,433,2528,1261,1960,1629
500,1005_0854,1499,1255,2049,435,2528,1260,1961,1630
500,1005_0857,1500,1255,2050,433,2529,1261,1961,1631
500,1005_0860,1502,1256,2052,436,2529,1260,1961,1632
500,1005_0863,1502,1255,2053,434,2530,1262,1963,1632
500,1005_0866,1501,1255,2053,433,2532,1262,1963,1633
500,1005_0869,1503,1256,2052,433,2532,1263,1964,1632
500,1005_0872,1503,1256,2053,435,2533,1263,1963,1633
500,1005_0875,1502,1255,2055,434,2534,1262,1964,1633
500,1005_0878,1503,1255,2053,435,2535,1264,1964,1633
500,1005_0881,1504,1256,2055,435,2534,1262,1963,1632
500,1005_0884,1504,1256,2055,435,2533,1262,1963,1632
500,1005_0887,1504,1257,2054,433,2535,1263,1963,1634
500,1005_0890,1502,1257,2053,433,2532,1263,1964,1633
500,1005_0893,1503,1256,2055,435,2535,1264,1966,1633
500,1005_0896,1503,1256,2056,435,2536,1263,1964,1633
500,1005_0899,1504,1256,2055,433,2534,1263,1965,1633
500,1005_0902,1503,1256,2054,433,2535,1262,1965,1634
500,1005_0905,1503,1255,2054,433,2536,1262,1965,1632
500,1005_0908,1502,1253,2054,435,2533,1262,1961,1631
500,1005_0911,1502,1254,2055,433,2534,1264,1964,1632
500,1005_0914,1502,1257,2053,435,2533,1264,1962,1633
500,1005_0917,1501,1256,2052,434,2533,1263,1962,1633
500,1005_0920,1503,1256,2053,432,2532,1263,1963,1633
500,1005_0923,1501,1253,2054,433,2532,1261,1960,1632
500,1005_0926,1502,1254,2052,434,2530,1262,1961,1632
500,1005_0929,1502,1255,2051,430,2533,1262,1963,1629
500,1005_0932,1502,1254,2052,432,2533,1262,1963,1629
500,1005_0935,1502,1254,2052,432,2531,1260,1962,1630
500,1005_0938,1501,1252,2052,432,2532,1260,1961,1629
500,1005_0941,1504,1253,2050,432,2530,1262,1961,1630
500,1005_0944,1501,1253,2054,431,2531,1262,1962,1629
500,1005_0947,1502,1254,2053,431,2531,1260,1961,1629
500,1005_0950,1503,1251,2051,432,2531,1258,1962,1627
500,1005_0953,1503,1251,2054,430,2531,1259,1963,1628
500,1005_0956,1502,1256,2053,432,2531,1260,1962,1628
500,1005_0959,1502,1252,2052,431,2530,1260,1961,1630
500,1005_0962,1499,1252,2050,431,2532,1260,1962,1627
500,1005_0965,1499,1250,2052,431,2530,1259,1959,1627
500,1005_0968,1498,1253,2051,429,2531,1260,1959,1627
500,1005_0971,1499,1250,2050,430,2529,1259,1958,1626
500,1005_0974,1500,1251,2049,430,2531,1258,1961,1627
500,1005_0977,1499,1252,2049,430,2530,1258,1960,1627
500,1005_0980,1497,1250,2050,428,2529,1258,1959,1627
500,1005_0983,1498,1249,2051,430,2526,1257,1959,1627
500,1005_0986,1497,1251,2050,428,2527,1256,1960,1626
500,1005_0989,1498,1250,2050,429,2528,1257,1959,1625
500,1005_0992,1499,1248,2050,429,2529,1256,1959,1625
500,1005_0995,1499,1251,2050,429,2529,1256,1960,1626
500,1005_0998,1498,1248,2049,427,2526,1255,1960,1624
500,1005_1001,1499,1247,2050,429,2526,1257,1961,1625
500,1005_1004,1501,1248,2053,427,2529,1254,1959,1623
500,1005_1007,1499,1248,2053,427,2529,1255,1958,1623
500,1005_1010,1503,1246,2052,427,2528,1253,1962,1624
500,1005_1013,1499,1245,2051,425,2529,1255,1957,1622
500,1005_1016,1501,1247,2052,424,2529,1255,1960,1625
500,1005_1019,1501,1247,2052,425,2530,1256,1959,1624
500,1005_1022,1500,1247,2052,426,2530,1254,1959,1623
500,1005_1025,1500,1246,2052,424,2529,1256,1960,1623
500,1005_1028,1499,1246,2050,424,2530,1253,1960,1622
500,1005_1031,1501,1245,2053,425,2529,1255,1960,1621
500,1005_1034,1502,1244,2050,424,2529,1253,1959,1622
500,1005_1037,1501,1246,2053,425,2530,1254,1959,1622
500,1005_1040,1500,1245,2052,424,2530,1253,1960,1623
500,1005_1043,1499,1245,2050,425,2528,1254,1960,1623
500,1005_1046,1501,1247,2052,426,2528,1253,1959,1623
500,1005_1049,1502,1246,2052,426,2529,1254,1960,1620
500,1005_1052,1500,1246,2050,426,2528,1254,1960,1621
500,1005_1055,1501,1244,2051,425,2528,1254,1959,1622
500,1005_1058,1499,1247,2050,426,2527,1253,1959,1621
500,1005_1061,1502,1246,2052,426,2527,1255,1959,1622
500,1005_1064,1502,1245,2050,427,2528,1254,1961,1623
500,1005_1067,1500,1245,2051,426,2527,1255,1959,1621
500,1005_1070,1501,1245,2051,426,2529,1254,1961,1622
500,1005_1073,1499,1245,2051,425,2528,1252,1959,1620
500,1005_1076,1499,1244,2051,425,2528,1255,1957,1620
500,1005_1079,1498,1246,2049,424,2528,1252,1956,1619
500,1005_1082,1498,1245,2052,426,2526,1253,1958,1621
500,1005_1085,1497,1245,2049,425,2525,1252,1956,1620
500,1005_1088,1497,1244,2047,425,2525,1252,1956,1620
500,1005_1091,1496,1244,2048,425,2526,1253,1954,1620
500,1005_1094,1495,1244,2047,424,2524,1252,1955,1620
500,1005_1097,1495,1244,2047,425,2523,1251,1954,1620
500,1005_1100,1494,1244,2046,423,2523,1253,1951,1619
500,1005_1103,1495,1245,2045,424,2522,1252,1951,1619
500,1005_1106,1494,1244,2044,424,2522,1251,1951,1619
500,1005_1109,1494,1244,2044,425,2520,1250,1952,1619
500,1005_1112,1492,1242,2044,424,2520,1254,1952,1620
500,1005_1115,1493,1244,2044,425,2520,1253,1950,1619
500,1005_1118,1491,1245,2039,425,2518,1254,1950,1617
500,1005_1121,1490,1245,2040,425,2518,1252,1948,1619
500,1005_1124,1489,1243,2041,424,2516,1251,1948,1620
500,1005_1127,1489,1244,2039,426,2516,1253,1946,1619
500,1005_1130,1488,1243,2039,426,2516,1255,1947,1620
500,1005_1133,1487,1243,2039,426,2516,1252,1946,1619
500,1005_1136,1488,1242,2038,427,2515,1253,1945,1618
500,1005_1139,1487,1242,2038,425,2512,1251,1945,1618
500,1005_1142,1490,1241,2040,426,2514,1250,1945,1619
500,1005_1145,1489,1244,2039,425,2513,1252,1944,1619
500,1005_1148,1487,1243,2040,425,2515,1253,1945,1619
500,1005_1151,1488,1243,2039,427,2516,1253,1944,1620
500,1005_1154,1486,1246,2040,426,2514,1253,1944,1619
500,1005_1157,1486,1245,2038,427,2514,1253,1945,1620
500,1005_1160,1485,1244,2037,428,2513,1253,1945,1621
500,1005_1163,1486,1245,2038,427,2514,1256,1944,1622
500,1005_1166,1486,1245,2035,426,2510,1254,1943,1621
500,1005_1169,1485,1246,2037,429,2514,1254,1944,1621
500,1005_1172,1486,1244,2038,429,2514,1254,1945,1621
500,1005_1175,1486,1245,2038,429,2513,1255,1944,1621
500,1005_1178,1486,1246,2039,429,2514,1256,1945,1623
500,1005_1181,1487,1247,2037,428,2512,1255,1943,1620
500,1005_1184,1486,1245,2034,430,2512,1255,1943,1621
500,1005_1187,1483,1245,2035,429,2511,1254,1942,1622
500,1005_1190,1484,1242,2035,428,2511,1252,1940,1622
500,1005_1193,1484,1245,2033,430,2510,1253,1941,1622
500,1005_1196,1484,1244,2035,427,2507,1253,1940,1620
500,1005_1199,1482,1248,2031,428,2508,1254,1941,1621
500,1005_1202,1483,1246,2032,429,2509,1255,1940,1621
500,1005_1205,1483,1245,2032,428,2509,1255,1940,1621
500,1005_1208,1482,1246,2032,430,2509,1254,1939,1620
500,1005_1211,1482,1247,2032,427,2507,1254,1941,1620
500,1005_1214,1484,1244,2033,428,2508,1254,1941,1622
500,1005_1217,1482,1247,2034,428,2508,1253,1942,1622
500,1005_1220,1483,1245,2032,427,2508,1253,1943,1621
500,1005_1223,1483,1245,2035,427,2510,1254,1942,1621
500,1005_1226,1485,1246,2034,430,2511,1254,1941,1619
500,1005_1229,1482,1246,2033,428,2511,1254,1942,1621
500,1005_1232,1485,1246,2038,429,2511,1254,1942,1621
500,1005_1235,1485,1246,2035,427,2512,1256,1942,1621
500,1005_1238,1484,1245,2036,428,2511,1254,1943,1620
500,1005_1241,1485,1245,2037,428,2512,1255,1944,1622
500,1005_1244,1486,1245,2036,428,2512,1255,1943,1621
500,1005_1247,1484,1246,2035,427,2509,1255,1944,1622
500,1005_1250,1483,1245,2034,429,2510,1254,1941,1622
500,1005_1253,1482,1246,2033,427,2509,1256,1940,1621
500,1005_1256,1480,1245,2032,427,2508,1254,1939,1620
500,1005_1259,1480,1245,2031,428,2508,1255,1937,1622
500,1005_1262,1478,1246,2028,426,2506,1256,1937,1621
500,1005_1265,1478,1246,2029,428,2504,1256,1938,1622
500,1005_1268,1477,1244,2028,427,2504,1254,1936,1622
500,1005_1271,1474,1246,2029,427,2503,1256,1934,1621
500,1005_1274,1475,1244,2027,426,2502,1256,1932,1622
500,1005_1277,1472,1243,2024,427,2499,1252,1931,1622
500,1005_1280,1472,1244,2024,427,2499,1255,1931,1623
500,1005_1283,1470,1246,2024,428,2499,1254,1929,1622
500,1005_1286,1470,1245,2022,427,2497,1254,1929,1623
500,1005_1289,1470,1245,2021,428,2498,1255,1930,1622
500,1005_1292,1470,1246,2021,428,2498,1255,1930,1623
500,1005_1295,1470,1244,2023,428,2497,1255,1928,1622
500,1005_1298,1471,1246,2021,429,2496,1256,1928,1623
500,1005_1301,1470,1245,2022,429,2495,1255,1928,1622
500,1005_1304,1468,1246,2021,429,2494,1257,1926,1624
500,1005_1307,1467,1247,2019,430,2494,1257,1926,1623
500,1005_1310,1465,1245,2018,430,2492,1255,1925,1624
500,1005_1313,1464,1245,2017,431,2492,1256,1924,1624
500,1005_1316,1466,1247,2015,429,2491,1256,1922,1622
500,1005_1319,1464,1247,2016,429,2491,1255,1921,1622
500,1005_1322,1465,1246,2015,429,2489,1255,1923,1623
500,1005_1325,1463,1247,2014,428,2489,1255,1921,1622
500,1005_1328,1462,1246,2014,428,2489,1256,1920,1623
500,1005_1331,1461,1244,2014,429,2487,1255,1919,1621
500,1005_1334,1461,1246,2012,428,2487,1255,1917,1621
500,1005_1337,1461,1246,2011,429,2486,1255,1917,1621
500,1005_1340,1458,1244,2010,429,2485,1255,1916,1620
500,1005_1343,1459,1245,2011,430,2485,1255,1917,1621
500,1005_1346,1461,1246,2012,430,2486,1256,1920,1622
500,1005_1349,1462,1245,2013,431,2488,1257,1919,1622
500,1005_1352,1463,1245,2013,431,2487,1257,1920,1623
500,1005_1355,1463,1245,2015,431,2489,1255,1923,1623
500,1005_1358,1465,1246,2015,429,2492,1256,1924,1622
500,1005_1361,1466,1246,2018,431,2493,1255,1924,1622
500,1005_1364,1467,1245,2020,430,2494,1256,1925,1622
500,1005_1367,1468,1248,2020,432,2496,1256,1927,1623
500,1005_1370,1469,1248,2021,431,2496,1256,1928,1623
500,1005_1373,1471,1246,2022,430,2497,1256,1930,1623
500,1005_1376,1472,1244,2022,431,2498,1257,1929,1624
500,1005_1379,1472,1245,2024,430,2499,1256,1930,1623
500,1005_1382,1474,1245,2026,429,2499,1255,1931,1622
500,1005_1385,1475,1246,2026,429,2499,1256,1932,1623
500,1005_1388,1475,1245,2026,429,2502,1256,1932,1622
500,1005_1391,1475,1246,2028,429,2503,1257,1933,1623
500,1005_1394,1477,1247,2029,430,2503,1255,1934,1624
500,1005_1397,1476,1247,2030,431,2504,1257,1935,1624
500,1005_1400,1477,1248,2030,431,2505,1257,1935,1624
500,1005_1403,1479,1247,2030,430,2506,1258,1938,1625
500,1005_1406,1480,1246,2031,431,2506,1258,1938,1624
500,1005_1409,1481,1248,2033,431,2507,1258,1939,1625
500,1005_1412,1481,1248,2033,430,2509,1258,1939,1625
500,1005_1415,1482,1247,2034,431,2511,1259,1941,1624
500,1005_1418,1485,1249,2037,432,2512,1259,1942,1623
500,1005_1421,1485,1250,2037,433,2512,1260,1944,1626
500,1005_1424,1485,1249,2039,432,2513,1261,1943,1624
500,1005_1427,1487,1248,2039,431,2513,1259,1945,1625
500,1005_1430,1486,1249,2040,432,2514,1260,1944,1624
500,1005_1433,1486,1248,2040,432,2514,1259,1947,1627
500,1005_1436,1489,1250,2040,432,2516,1262,1947,1626
500,1005_1439,1489,1249,2041,432,2517,1261,1947,1625
500,1005_1442,1491,1250,2043,432,2517,1261,1949,1626
500,1005_1445,1492,1249,2043,433,2518,1260,1949,1627
500,1005_1448,1492,1249,2043,433,2520,1262,1948,1626
500,1005_1451,1492,1250,2044,432,2519,1261,1950,1626
500,1005_1454,1492,1249,2045,433,2519,1260,1949,1627
500,1005_1457,1492,1250,2047,433,2522,1261,1950,1628
500,1005_1460,1493,1249,2046,432,2522,1262,1953,1627
500,1005_1463,1496,1249,2048,433,2521,1261,1951,1629
500,1005_1466,1495,1249,2047,434,2522,1262,1953,1627
500,1005_1469,1496,1251,2049,433,2524,1262,1952,1629
500,1005_1472,1494,1251,2047,433,2522,1263,1953,1628
500,1005_1475,1494,1251,2047,433,2524,1262,1951,1628
500,1005_1478,1495,1250,2048,434,2523,1262,1953,1629
500,1005_1481,1495,1251,2050,434,2525,1263,1955,1629
500,1005_1484,1496,1250,2050,433,2527,1263,1952,1629
500,1005_1487,1498,1252,2050,434,2524,1264,1955,1630
500,1005_1490,1498,1251,2048,434,2526,1264,1955,1629
500,1005_1493,1497,1252,2049,436,2527,1263,1956,1630
500,1005_1496,1499,1253,2049,434,2527,1263,1956,1629
500,1005_1499,1499,1251,2052,436,2527,1263,1955,1631
500,1005_1501,1498,1252,2052,437,2527,1264,1955,1630
500,1005_1504,1500,1251,2053,436,2526,1265,1956,1631
500,1005_1507,1499,1252,2053,436,2528,1264,1957,1632
500,1005_1510,1499,1252,2053,437,2526,1265,1956,1633
500,1005_1513,1500,1255,2052,437,2528,1266,1956,1632
500,1005_1516,1500,1253,2054,437,2528,1266,1957,1632
500,1005_1519,1501,1256,2053,437,2529,1265,1956,1631
500,1005_1522,1501,1253,2055,438,2528,1266,1957,1632
500,1005_1525,1502,1254,2054,438,2530,1266,1958,1634
500,1005_1528,1501,1254,2054,438,2526,1265,1956,1632
500,1005_1531,1502,1254,2055,437,2529,1267,1960,1632
500,1005_1534,1502,1255,2055,438,2530,1266,1958,1632
500,1005_1537,1501,1255,2055,437,2529,1267,1961,1632
500,1005_1540,1501,1255,2056,438,2530,1268,1959,1634
500,1005_1543,1503,1255,2054,440,2530,1265,1960,1634
500,1005_1546,1502,1255,2056,439,2531,1269,1960,1631
500,1005_1549,1503,1254,2056,439,2530,1267,1961,1632
500,1005_1552,1502,1256,2058,439,2531,1266,1961,1632
500,1005_1555,1503,1255,2054,438,2531,1267,1961,1635
500,1005_1558,1504,1255,2055,440,2532,1265,1961,1633
500,1005_1561,1504,1254,2056,440,2532,1267,1961,1635
500,1005_1564,1504,1255,2056,439,2532,1267,1963,1633
500,1005_1567,1505,1257,2058,440,2533,1269,1962,1633
500,1005_1570,1505,1257,2056,440,2534,1268,1962,1635
500,1005_1573,1504,1256,2058,440,2534,1270,1962,1634
500,1005_1576,1504,1257,2059,441,2535,1270,1961,1635
500,1005_1579,1505,1258,2060,440,2535,1272,1962,1636
500,1005_1582,1506,1257,2060,441,2535,1271,1963,1635
500,1005_1585,1506,1257,2060,441,2534,1270,1964,1636
500,1005_1588,1505,1258,2060,440,2535,1270,1965,1636
500,1005_1591,1507,1257,2059,441,2536,1271,1961,1635
500,1005_1594,1507,1259,2060,442,2536,1270,1962,1636
500,1005_1597,1506,1258,2062,441,2537,1271,1963,1638
500,1005_1600,1507,1258,2063,440,2537,1271,1962,1636
500,1005_1603,1507,1258,2061,442,2537,1273,1963,1637
500,1005_1606,1507,1260,2062,441,2536,1272,1963,1638
500,1005_1609,1506,1259,2063,441,2536,1272,1965,1637
500,1005_1612,1506,1260,2062,441,2536,1272,1962,1638
500,1005_1615,1506,1261,2059,442,2536,1272,1963,1639
500,1005_1618,1506,1259,2062,443,2536,1273,1964,1639
500,1005_1621,1506,1260,2061,442,2536,1272,1965,1639
500,1005_1624,1506,1259,2062,441,2536,1272,1963,1638
500,1005_1627,1507,1260,2062,442,2536,1273,1964,1639
500,1005_1630,1506,1259,2061,442,2537,1272,1964,1640
500,1005_1633,1508,1259,2062,441,2535,1272,1964,1637
500,1005_1636,1508,1261,2063,442,2535,1273,1964,1639
500,1005_1639,1508,1260,2060,442,2536,1271,1963,1638
500,1005_1642,1507,1260,2062,442,2537,1273,1964,1638
500,1005_1645,1506,1260,2062,443,2534,1271,1967,1639
500,1005_1648,1506,1259,2062,442,2537,1273,1964,1638
500,1005_1651,1506,1258,2062,442,2536,1271,1964,1638
500,1005_1654,1508,1260,2061,442,2536,1271,1964,1638
500,1005_1657,1506,1259,2060,443,2536,1272,1964,1637
500,1005_1660,1507,1259,2061,441,2537,1273,1964,1637
500,1005_1663,1507,1260,2061,441,2536,1272,1965,1638
500,1005_1666,1507,1259,2062,441,2537,1273,1962,1635
500,1005_1669,1507,1258,2061,442,2535,1270,1963,1636
500,1005_1672,1507,1258,2063,441,2536,1272,1963,1637
500,1005_1675,1507,1259,2061,443,2536,1273,1963,1636
500,1005_1678,1507,1259,2061,442,2536,1271,1964,1636
500,1005_1681,1508,1258,2062,442,2537,1272,1963,1636
500,1005_1684,1506,1259,2061,442,2535,1272,1964,1637
500,1005_1687,1507,1259,2058,441,2534,1270,1964,1637
500,1005_1690,1507,1258,2060,441,2536,1270,1964,1639
500,1005_1693,1507,1258,2061,441,2536,1272,1964,1637
500,1005_1696,1508,1260,2061,441,2536,1273,1962,1635
500,1005_1699,1506,1259,2063,441,2537,1272,1964,1637
500,1005_1702,1508,1259,2063,441,2536,1272,1963,1636
500,1005_1705,1506,1259,2061,441,2536,1271,1963,1638
500,1005_1708,1507,1259,2060,442,2536,1272,1963,1637
500,1005_1711,1506,1260,2063,441,2536,1273,1964,1639
500,1005_1714,1508,1259,2063,442,2536,1272,1964,1638
500,1005_1717,1506,1259,2063,442,2536,1271,1964,1637
500,1005_1720,1506,1259,2061,441,2536,1271,1964,1639
500,1005_1723,1506,1260,2062,442,2536,1273,1963,1637
500,1005_1726,1506,1259,2062,441,2535,1272,1964,1639
500,1005_1729,1506,1259,2062,442,2535,1272,1963,1638
500,1005_1732,1507,1259,2062,441,2535,1272,1962,1639
500,1005_1735,1507,1257,2058,442,2534,1273,1963,1637
500,1005_1738,1507,1258,2060,444,2535,1270,1963,1638
500,1005_1741,1506,1258,2063,442,2536,1272,1963,1638
500,1005_1744,1507,1258,2060,441,2534,1271,1963,1637
500,1005_1747,1505,1259,2059,443,2535,1272,1962,1636
500,1005_1750,1506,1259,2061,441,2536,1273,1964,1637
500,1005_1753,1505,1258,2061,442,2535,1273,1964,1637
500,1005_1756,1506,1257,2061,442,2536,1272,1963,1637
500,1005_1759,1507,1258,2058,443,2535,1272,1962,1637
500,1005_1762,1505,1260,2059,442,2533,1271,1963,1636
500,1005_1765,1505,1258,2061,441,2535,1273,1964,1637
500,1005_1768,1505,1258,2062,441,2535,1272,1962,1638
500,1005_1771,1505,1258,2061,441,2535,1272,1962,1639
500,1005_1774,1505,1258,2058,443,2534,1272,1962,1636
500,1005_1777,1505,1258,2059,442,2533,1270,1962,1639
500,1005_1780,1504,1259,2059,442,2533,1273,1963,1637
500,1005_1783,1504,1259,2060,443,2534,1272,1960,1638
500,1005_1786,1504,1259,2059,442,2535,1272,1964,1635
500,1005_1789,1504,1258,2058,442,2532,1271,1962,1637
500,1005_1792,1503,1259,2060,444,2533,1273,1961,1638
500,1005_1795,1503,1259,2059,441,2533,1272,1964,1637
500,1005_1798,1504,1259,2060,443,2533,1273,1962,1637
500,1005_1801,1503,1259,2058,443,2532,1272,1963,1637
500,1005_1804,1503,1256,2057,442,2533,1272,1962,1637
500,1005_1807,1503,1259,2057,441,2531,1272,1961,1636
500,1005_1810,1502,1256,2058,442,2530,1272,1958,1637
500,1005_1813,1503,1258,2057,442,2531,1273,1959,1638
500,1005_1816,1501,1258,2057,442,2530,1272,1959,1637
500,1005_1819,1503,1258,2058,443,2531,1271,1958,1636
500,1005_1822,1503,1257,2055,444,2531,1272,1958,1639
500,1005_1825,1501,1258,2055,443,2531,1273,1958,1636
500,1005_1828,1502,1258,2056,443,2530,1272,1957,1638
500,1005_1831,1501,1259,2056,442,2531,1274,1958,1638
500,1005_1834,1501,1258,2056,444,2529,1272,1958,1638
500,1005_1837,1501,1259,2055,442,2530,1273,1956,1637
500,1005_1840,1500,1260,2055,442,2529,1273,1956,1637
500,1005_1843,1500,1259,2056,443,2527,1272,1955,1637
500,1005_1846,1499,1258,2054,442,2528,1274,1954,1638
500,1005_1849,1499,1258,2055,443,2527,1273,1954,1636
500,1005_1852,1498,1258,2053,443,2527,1272,1953,1638
500,1005_1855,1498,1258,2053,442,2528,1271,1955,1638
500,1005_1858,1498,1257,2054,442,2526,1272,1956,1636
500,1005_1861,1498,1258,2052,442,2526,1272,1956,1635
500,1005_1864,1497,1258,2050,442,2526,1272,1953,1636
500,1005_1867,1495,1256,2050,441,2525,1272,1954,1635
500,1005_1870,1496,1258,2049,441,2524,1271,1954,1637
500,1005_1873,1495,1256,2047,443,2521,1271,1951,1636
500,1005_1876,1494,1258,2048,441,2522,1273,1950,1636
500,1005_1879,1494,1257,2049,442,2522,1272,1951,1637
500,1005_1882,1495,1259,2049,441,2523,1272,1949,1637
500,1005_1885,1494,1257,2047,441,2522,1273,1949,1636
500,1005_1888,1494,1258,2048,441,2522,1272,1950,1635
500,1005_1891,1492,1258,2046,443,2520,1271,1947,1636
500,1005_1894,1490,1257,2047,440,2519,1271,1948,1636
500,1005_1897,1491,1256,2046,440,2520,1271,1947,1634
500,1005_1900,1490,1256,2046,439,2520,1272,1948,1635
500,1005_1903,1493,1258,2046,439,2520,1271,1947,1635
500,1005_1906,1490,1256,2046,439,2520,1270,1947,1634
500,1005_1909,1488,1253,2047,439,2519,1271,1948,1633
500,1005_1912,1488,1255,2046,438,2518,1270,1946,1635
500,1005_1915,1490,1255,2045,440,2519,1270,1945,1633
500,1005_1918,1488,1255,2046,440,2519,1271,1946,1634
500,1005_1921,1487,1254,2044,439,2519,1270,1946,1635
500,1005_1924,1489,1255,2044,441,2519,1270,1944,1634
500,1005_1927,1488,1255,2046,438,2519,1270,1946,1634
500,1005_1930,1488,1253,2045,439,2517,1271,1943,1633
